filename, Word, Count
Obama_2012.txt,b'adds',1
Obama_2012.txt,b'crumbling',1
Obama_2012.txt,b'proposed',1
Obama_2012.txt,b'Lock\xe2\x80\x99s',1
Obama_2012.txt,b'oppose',1
Obama_2012.txt,b'bankers',1
Obama_2012.txt,b'said',4
Obama_2012.txt,b'More',1
Obama_2012.txt,b'infrastructure',1
Obama_2012.txt,b'agreements',1
Obama_2012.txt,b'recently',1
Obama_2012.txt,b'investments',5
Obama_2012.txt,b'unless',2
Obama_2012.txt,b'courses',2
Obama_2012.txt,b'ground',1
Obama_2012.txt,b'Third',1
Obama_2012.txt,b'Some',9
Obama_2012.txt,b'blows',2
Obama_2012.txt,b'outside',1
Obama_2012.txt,b'without',4
Obama_2012.txt,b'destiny',1
Obama_2012.txt,b'citizenship',1
Obama_2012.txt,b'Force',1
Obama_2012.txt,b'paychecks',1
Obama_2012.txt,b'firms',1
Obama_2012.txt,b'Both',1
Obama_2012.txt,b'selflessness',1
Obama_2012.txt,b'US',3
Obama_2012.txt,b'again',4
Obama_2012.txt,b'blow',1
Obama_2012.txt,b'generations',1
Obama_2012.txt,b'day',5
Obama_2012.txt,b'gone',1
Obama_2012.txt,b'data',1
Obama_2012.txt,b'anything',1
Obama_2012.txt,b'doubledown',1
Obama_2012.txt,b'Siemens',2
Obama_2012.txt,b'rarely',1
Obama_2012.txt,b'while',6
Obama_2012.txt,b'same',9
Obama_2012.txt,b'level',1
Obama_2012.txt,b'earn',3
Obama_2012.txt,b'giving',1
Obama_2012.txt,b'home',13
Obama_2012.txt,b'step',1
Obama_2012.txt,b'destruction',1
Obama_2012.txt,b'commitments',1
Obama_2012.txt,b'Bray',1
Obama_2012.txt,b'design',1
Obama_2012.txt,b'schools',4
Obama_2012.txt,b'American',33
Obama_2012.txt,b'If',1
Obama_2012.txt,b'options',1
Obama_2012.txt,b'convinced',1
Obama_2012.txt,b'no',25
Obama_2012.txt,b'VA',1
Obama_2012.txt,b'freedom',1
Obama_2012.txt,b'full',3
Obama_2012.txt,b'combat',1
Obama_2012.txt,b'known',1
Obama_2012.txt,b'running',2
Obama_2012.txt,b'operate',1
Obama_2012.txt,b'spend',2
Obama_2012.txt,b'grandmother',1
Obama_2012.txt,b'approved',1
Obama_2012.txt,b'Congress',15
Obama_2012.txt,b'heavily',1
Obama_2012.txt,b'Nation',6
Obama_2012.txt,b'2005',1
Obama_2012.txt,b'asked',1
Obama_2012.txt,b'Chinese',1
Obama_2012.txt,b'Democrat',1
Obama_2012.txt,b'bills',3
Obama_2012.txt,b'these',12
Obama_2012.txt,b'everything',2
Obama_2012.txt,b'your',8
Obama_2012.txt,b'able',3
Obama_2012.txt,b'relief',3
Obama_2012.txt,b'grid',1
Obama_2012.txt,b'mutual',1
Obama_2012.txt,b'institutions',2
Obama_2012.txt,b'leadership',1
Obama_2012.txt,b'bullet',1
Obama_2012.txt,b'quickly',1
Obama_2012.txt,b'taxpayers',2
Obama_2012.txt,b'whole',1
Obama_2012.txt,b'protect',2
Obama_2012.txt,b'shrinking',1
Obama_2012.txt,b'mom',1
Obama_2012.txt,b'actions',2
Obama_2012.txt,b'spun',1
Obama_2012.txt,b'divided',1
Obama_2012.txt,b'Syria',1
Obama_2012.txt,b'It\xe2\x80\x99s',8
Obama_2012.txt,b'sure',4
Obama_2012.txt,b'communities',1
Obama_2012.txt,b'moving',3
Obama_2012.txt,b'sent',2
Obama_2012.txt,b'accessing',1
Obama_2012.txt,b'counterfeit',1
Obama_2012.txt,b'Air',1
Obama_2012.txt,b'aspires',1
Obama_2012.txt,b'Or',1
Obama_2012.txt,b'worth',2
Obama_2012.txt,b'thousand',4
Obama_2012.txt,b'because',20
Obama_2012.txt,b'call',3
Obama_2012.txt,b'notion',1
Obama_2012.txt,b'like',19
Obama_2012.txt,b'fact',3
Obama_2012.txt,b'Others',1
Obama_2012.txt,b'second',1
Obama_2012.txt,b'this',45
Obama_2012.txt,b'135000',1
Obama_2012.txt,b'stripes',1
Obama_2012.txt,b'ends',1
Obama_2012.txt,b'Washington',4
Obama_2012.txt,b'please',1
Obama_2012.txt,b'events',1
Obama_2012.txt,b'bridges',1
Obama_2012.txt,b'needs',5
Obama_2012.txt,b'Iraq',3
Obama_2012.txt,b'turned',1
Obama_2012.txt,b'will',56
Obama_2012.txt,b'impact',1
Obama_2012.txt,b'Asian',1
Obama_2012.txt,b'remember',2
Obama_2012.txt,b'charge',2
Obama_2012.txt,b'directing',2
Obama_2012.txt,b'Master',3
Obama_2012.txt,b'millions',7
Obama_2012.txt,b'Chrysler',1
Obama_2012.txt,b'strong',4
Obama_2012.txt,b'redesign',1
Obama_2012.txt,b'owning',1
Obama_2012.txt,b'term',1
Obama_2012.txt,b'future\xe2\x80\x9d2',1
Obama_2012.txt,b'alive',1
Obama_2012.txt,b'ties',1
Obama_2012.txt,b'car',1
Obama_2012.txt,b'At',4
Obama_2012.txt,b'automaker',1
Obama_2012.txt,b'contributions',1
Obama_2012.txt,b'inexcusable',1
Obama_2012.txt,b'equipment',1
Obama_2012.txt,b'poor',1
Obama_2012.txt,b'Soon',2
Obama_2012.txt,b'student',3
Obama_2012.txt,b'lieutenants',1
Obama_2012.txt,b'hit',3
Obama_2012.txt,b'Ending',1
Obama_2012.txt,b'see',1
Obama_2012.txt,b'benefited',2
Obama_2012.txt,b'their',29
Obama_2012.txt,b'triumphed',1
Obama_2012.txt,b'knew',1
Obama_2012.txt,b'strongest',1
Obama_2012.txt,b'responsive',1
Obama_2012.txt,b'city',1
Obama_2012.txt,b'Over',2
Obama_2012.txt,b'some',9
Obama_2012.txt,b'Before',1
Obama_2012.txt,b'other',9
Obama_2012.txt,b'excuses',1
Obama_2012.txt,b'chip',1
Obama_2012.txt,b'partnership',3
Obama_2012.txt,b'deeper',1
Obama_2012.txt,b'violate',1
Obama_2012.txt,b'stopped',1
Obama_2012.txt,b'rid',2
Obama_2012.txt,b'Do',1
Obama_2012.txt,b'modest',1
Obama_2012.txt,b'another',5
Obama_2012.txt,b'national',1
Obama_2012.txt,b'coverage',1
Obama_2012.txt,b'Growing',1
Obama_2012.txt,b'perpetual',1
Obama_2012.txt,b'thinking',1
Obama_2012.txt,b'comes',2
Obama_2012.txt,b'ahead',2
Obama_2012.txt,b'office',3
Obama_2012.txt,b'relies',1
Obama_2012.txt,b'entering',1
Obama_2012.txt,b'outdated',2
Obama_2012.txt,b'cost',1
Obama_2012.txt,b'Raleigh',1
Obama_2012.txt,b'loopholes',1
Obama_2012.txt,b'threat',2
Obama_2012.txt,b'top',4
Obama_2012.txt,b'develop',3
Obama_2012.txt,b'abusive',1
Obama_2012.txt,b'tide',1
Obama_2012.txt,b'innocent',2
Obama_2012.txt,b'challenges',1
Obama_2012.txt,b'aspiring',1
Obama_2012.txt,b'reemployment',1
Obama_2012.txt,b'away',8
Obama_2012.txt,b'Community',1
Obama_2012.txt,b'shouldn\xe2\x80\x99t',5
Obama_2012.txt,b'over',16
Obama_2012.txt,b'distinguished',1
Obama_2012.txt,b'defining',1
Obama_2012.txt,b'website',1
Obama_2012.txt,b'save',3
Obama_2012.txt,b'meets',1
Obama_2012.txt,b'put',8
Obama_2012.txt,b'help',14
Obama_2012.txt,b'dairy',1
Obama_2012.txt,b'mattered',1
Obama_2012.txt,b'makes',3
Obama_2012.txt,b'want',12
Obama_2012.txt,b'Folks',1
Obama_2012.txt,b'leaders',5
Obama_2012.txt,b'fragile',1
Obama_2012.txt,b'decline',2
Obama_2012.txt,b'black',1
Obama_2012.txt,b'write',1
Obama_2012.txt,b'return',4
Obama_2012.txt,b'opponents',1
Obama_2012.txt,b'That',5
Obama_2012.txt,b'served',2
Obama_2012.txt,b'acted',1
Obama_2012.txt,b'pressure',1
Obama_2012.txt,b'leg',1
Obama_2012.txt,b'everyone',5
Obama_2012.txt,b'raid',1
Obama_2012.txt,b'bans',1
Obama_2012.txt,b'otherwise',1
Obama_2012.txt,b'fee',1
Obama_2012.txt,b'90',1
Obama_2012.txt,b'earlier',1
Obama_2012.txt,b'sending',1
Obama_2012.txt,b'fight',4
Obama_2012.txt,b'An',5
Obama_2012.txt,b'best',3
Obama_2012.txt,b'tires',1
Obama_2012.txt,b'belong',1
Obama_2012.txt,b'America',29
Obama_2012.txt,b'Every',1
Obama_2012.txt,b'nations',1
Obama_2012.txt,b'earning',1
Obama_2012.txt,b'Warren',1
Obama_2012.txt,b'wrong',1
Obama_2012.txt,b'test',1
Obama_2012.txt,b'reason',1
Obama_2012.txt,b'seize',1
Obama_2012.txt,b'weeks',2
Obama_2012.txt,b'GI',1
Obama_2012.txt,b'Town',1
Obama_2012.txt,b'supply',1
Obama_2012.txt,b'talented',1
Obama_2012.txt,b'Support',1
Obama_2012.txt,b'inspections',1
Obama_2012.txt,b'somehow',1
Obama_2012.txt,b'alliances',1
Obama_2012.txt,b'change',6
Obama_2012.txt,b'partnerships',1
Obama_2012.txt,b'promise',5
Obama_2012.txt,b'stitched',1
Obama_2012.txt,b'resolve',1
Obama_2012.txt,b'largescale',1
Obama_2012.txt,b'live',1
Obama_2012.txt,b'double',1
Obama_2012.txt,b'lets',1
Obama_2012.txt,b'subsidizing',2
Obama_2012.txt,b'resources',3
Obama_2012.txt,b'Korea',1
Obama_2012.txt,b'wants',1
Obama_2012.txt,b'Assad',1
Obama_2012.txt,b'rebuilt',1
Obama_2012.txt,b'electionyear',1
Obama_2012.txt,b'Chicago',1
Obama_2012.txt,b'defend',3
Obama_2012.txt,b'deserve',2
Obama_2012.txt,b'system\xe2\x80\x99s',1
Obama_2012.txt,b'part',5
Obama_2012.txt,b'or',38
Obama_2012.txt,b'renewal',2
Obama_2012.txt,b'taxpayer',1
Obama_2012.txt,b'Internet',1
Obama_2012.txt,b'They\xe2\x80\x99re',1
Obama_2012.txt,b'real',2
Obama_2012.txt,b'\xe2\x80\x9cI\xe2\x80\x99m',1
Obama_2012.txt,b'conservative',1
Obama_2012.txt,b'follow',1
Obama_2012.txt,b'history',2
Obama_2012.txt,b'warfare',1
Obama_2012.txt,b'life',1
Obama_2012.txt,b'of',165
Obama_2012.txt,b'tight',1
Obama_2012.txt,b'creation',1
Obama_2012.txt,b'now',17
Obama_2012.txt,b'that',136
Obama_2012.txt,b'profitable',1
Obama_2012.txt,b'technology',2
Obama_2012.txt,b'marching',1
Obama_2012.txt,b'opinions',1
Obama_2012.txt,b'mercury',1
Obama_2012.txt,b'versa',1
Obama_2012.txt,b'Tokyo',1
Obama_2012.txt,b'job',8
Obama_2012.txt,b'Cape',1
Obama_2012.txt,b'wastes',1
Obama_2012.txt,b'cases',1
Obama_2012.txt,b'enough',7
Obama_2012.txt,b'by',20
Obama_2012.txt,b'views',1
Obama_2012.txt,b'gut',1
Obama_2012.txt,b'vast',1
Obama_2012.txt,b'do',24
Obama_2012.txt,b'there\xe2\x80\x99s',3
Obama_2012.txt,b'Unit',2
Obama_2012.txt,b'more',42
Obama_2012.txt,b'disease',1
Obama_2012.txt,b'lead',4
Obama_2012.txt,b'era',1
Obama_2012.txt,b'largest',3
Obama_2012.txt,b'broader',1
Obama_2012.txt,b'streets',1
Obama_2012.txt,b'Democratic',2
Obama_2012.txt,b'risk',1
Obama_2012.txt,b'Model',1
Obama_2012.txt,b'most',7
Obama_2012.txt,b'Building',1
Obama_2012.txt,b'eight',2
Obama_2012.txt,b'States',10
Obama_2012.txt,b'let',5
Obama_2012.txt,b'sell',1
Obama_2012.txt,b'advantage',1
Obama_2012.txt,b'When',8
Obama_2012.txt,b'Europe',1
Obama_2012.txt,b'for',59
Obama_2012.txt,b'You\xe2\x80\x99re',3
Obama_2012.txt,b'past',2
Obama_2012.txt,b'Not',1
Obama_2012.txt,b'finest',1
Obama_2012.txt,b'learn',2
Obama_2012.txt,b'buy',1
Obama_2012.txt,b'pan',1
Obama_2012.txt,b'selling',1
Obama_2012.txt,b'indispensable',1
Obama_2012.txt,b'Medicaid',1
Obama_2012.txt,b'something',1
Obama_2012.txt,b'especially',1
Obama_2012.txt,b'colleges',4
Obama_2012.txt,b'but',6
Obama_2012.txt,b'hold',3
Obama_2012.txt,b'treatments',1
Obama_2012.txt,b'manufacturer',4
Obama_2012.txt,b'irresponsible',2
Obama_2012.txt,b'blameless',1
Obama_2012.txt,b'Bryan',3
Obama_2012.txt,b'schedule',1
Obama_2012.txt,b'code',3
Obama_2012.txt,b'number',4
Obama_2012.txt,b'hunger',1
Obama_2012.txt,b'me',13
Obama_2012.txt,b'classroom',1
Obama_2012.txt,b'abroad',1
Obama_2012.txt,b'forty',1
Obama_2012.txt,b'Social',1
Obama_2012.txt,b'liberty',1
Obama_2012.txt,b'lifetime',1
Obama_2012.txt,b'War',4
Obama_2012.txt,b'determined',1
Obama_2012.txt,b'begrudge',1
Obama_2012.txt,b'lightweight',1
Obama_2012.txt,b'Republican',6
Obama_2012.txt,b'so',11
Obama_2012.txt,b'share',5
Obama_2012.txt,b'today',3
Obama_2012.txt,b'cuts',2
Obama_2012.txt,b'puts',1
Obama_2012.txt,b'holding',1
Obama_2012.txt,b'incomes',1
Obama_2012.txt,b'trading',1
Obama_2012.txt,b'bad',5
Obama_2012.txt,b'simple',4
Obama_2012.txt,b'way',7
Obama_2012.txt,b'federal',6
Obama_2012.txt,b'stronger',2
Obama_2012.txt,b'trial',1
Obama_2012.txt,b'got',6
Obama_2012.txt,b'progress',1
Obama_2012.txt,b'millionaires',2
Obama_2012.txt,b'blame',1
Obama_2012.txt,b'signed',1
Obama_2012.txt,b'fraction',1
Obama_2012.txt,b'includes',1
Obama_2012.txt,b'economic',2
Obama_2012.txt,b'vets',1
Obama_2012.txt,b'thing',2
Obama_2012.txt,b'raise',2
Obama_2012.txt,b'To',1
Obama_2012.txt,b'group',1
Obama_2012.txt,b'deposits',1
Obama_2012.txt,b'chance',7
Obama_2012.txt,b'burst',1
Obama_2012.txt,b'creating',2
Obama_2012.txt,b'trillion',2
Obama_2012.txt,b'All',1
Obama_2012.txt,b'Trade',1
Obama_2012.txt,b'Bridge',1
Obama_2012.txt,b'darkness',1
Obama_2012.txt,b'diplomacy',1
Obama_2012.txt,b'agenda',2
Obama_2012.txt,b'use',6
Obama_2012.txt,b'roads',2
Obama_2012.txt,b'owner',1
Obama_2012.txt,b'lending',1
Obama_2012.txt,b'question',1
Obama_2012.txt,b'gather',1
Obama_2012.txt,b'prepare',1
Obama_2012.txt,b'Send',4
Obama_2012.txt,b'lost',2
Obama_2012.txt,b'take',4
Obama_2012.txt,b'found',1
Obama_2012.txt,b'state',3
Obama_2012.txt,b'lobby',1
Obama_2012.txt,b'President',4
Obama_2012.txt,b'bureaucracy',1
Obama_2012.txt,b'industry',9
Obama_2012.txt,b'differences',4
Obama_2012.txt,b'message',3
Obama_2012.txt,b'don\xe2\x80\x99t',10
Obama_2012.txt,b'unsafe',1
Obama_2012.txt,b'count',1
Obama_2012.txt,b'were',7
Obama_2012.txt,b'decade',2
Obama_2012.txt,b'town',2
Obama_2012.txt,b'General',2
Obama_2012.txt,b'red',2
Obama_2012.txt,b'Ford',1
Obama_2012.txt,b'know',11
Obama_2012.txt,b'income',2
Obama_2012.txt,b'create',5
Obama_2012.txt,b'gets',1
Obama_2012.txt,b'our',77
Obama_2012.txt,b'looking',4
Obama_2012.txt,b'unemployment',1
Obama_2012.txt,b'stands',1
Obama_2012.txt,b'movies',1
Obama_2012.txt,b'even',4
Obama_2012.txt,b'place',4
Obama_2012.txt,b'Nowhere',1
Obama_2012.txt,b'brings',1
Obama_2012.txt,b'what\xe2\x80\x99s',1
Obama_2012.txt,b'penny',1
Obama_2012.txt,b'reclaim',1
Obama_2012.txt,b'helped',2
Obama_2012.txt,b'Ritterby',1
Obama_2012.txt,b'began',2
Obama_2012.txt,b'invent',1
Obama_2012.txt,b'America\xe2\x80\x99s',3
Obama_2012.txt,b'isolated',1
Obama_2012.txt,b'field',1
Obama_2012.txt,b'than',23
Obama_2012.txt,b'bin',2
Obama_2012.txt,b'has',21
Obama_2012.txt,b'Republicans',1
Obama_2012.txt,b'least',5
Obama_2012.txt,b'veterans',4
Obama_2012.txt,b'struggling',1
Obama_2012.txt,b'need',13
Obama_2012.txt,b'divide',1
Obama_2012.txt,b'four',2
Obama_2012.txt,b'how',9
Obama_2012.txt,b'stagnant',1
Obama_2012.txt,b'But',26
Obama_2012.txt,b'mortgages',3
Obama_2012.txt,b'Can',1
Obama_2012.txt,b'investigating',1
Obama_2012.txt,b'Andrews',1
Obama_2012.txt,b'point',3
Obama_2012.txt,b'alQaeda\xe2\x80\x99s',1
Obama_2012.txt,b'Today',6
Obama_2012.txt,b'done',4
Obama_2012.txt,b'clinging',1
Obama_2012.txt,b'piling',1
Obama_2012.txt,b'doubling',4
Obama_2012.txt,b'I\xe2\x80\x99m',13
Obama_2012.txt,b'available',1
Obama_2012.txt,b'anyone',2
Obama_2012.txt,b'Extend',1
Obama_2012.txt,b'doubled',1
Obama_2012.txt,b'plant1',1
Obama_2012.txt,b'man',1
Obama_2012.txt,b'could',5
Obama_2012.txt,b'insider',1
Obama_2012.txt,b'Finally',1
Obama_2012.txt,b'philosophical',1
Obama_2012.txt,b'greater',1
Obama_2012.txt,b'responsibility',6
Obama_2012.txt,b'service',3
Obama_2012.txt,b'Ten',1
Obama_2012.txt,b'laws',1
Obama_2012.txt,b'bridge',1
Obama_2012.txt,b'lower',4
Obama_2012.txt,b'\xe2\x80\x93',3
Obama_2012.txt,b'action',3
Obama_2012.txt,b'putting',1
Obama_2012.txt,b'isn\xe2\x80\x99t',1
Obama_2012.txt,b'denied',1
Obama_2012.txt,b'accomplish',1
Obama_2012.txt,b'investigators',1
Obama_2012.txt,b'SEALs',1
Obama_2012.txt,b'As',5
Obama_2012.txt,b'customers',1
Obama_2012.txt,b'forget',1
Obama_2012.txt,b'days',5
Obama_2012.txt,b'students',5
Obama_2012.txt,b'wages',2
Obama_2012.txt,b'purchasing',1
Obama_2012.txt,b'started',1
Obama_2012.txt,b'Base',1
Obama_2012.txt,b'seems',1
Obama_2012.txt,b'rising',1
Obama_2012.txt,b'finally',1
Obama_2012.txt,b'can\xe2\x80\x99t',16
Obama_2012.txt,b'always',4
Obama_2012.txt,b'Iran',3
Obama_2012.txt,b'We\xe2\x80\x99ve',5
Obama_2012.txt,b'immediate',1
Obama_2012.txt,b'hiring',2
Obama_2012.txt,b'98',1
Obama_2012.txt,b'out',14
Obama_2012.txt,b'later',1
Obama_2012.txt,b'fix',3
Obama_2012.txt,b'restructure',1
Obama_2012.txt,b'competitors',1
Obama_2012.txt,b'took',4
Obama_2012.txt,b'dumping',1
Obama_2012.txt,b'Gate',1
Obama_2012.txt,b'colors',1
Obama_2012.txt,b'ever',6
Obama_2012.txt,b'Pacific',1
Obama_2012.txt,b'countries',4
Obama_2012.txt,b'Afghan',1
Obama_2012.txt,b'losing',1
Obama_2012.txt,b'Berlin',1
Obama_2012.txt,b'turbine',2
Obama_2012.txt,b'So',17
Obama_2012.txt,b'on',48
Obama_2012.txt,b'encourage',1
Obama_2012.txt,b'promising',1
Obama_2012.txt,b'borders',1
Obama_2012.txt,b'little',2
Obama_2012.txt,b'Democrats',1
Obama_2012.txt,b'manufacturers',3
Obama_2012.txt,b'relied',1
Obama_2012.txt,b'immigration',2
Obama_2012.txt,b'who\xe2\x80\x99ve',3
Obama_2012.txt,b'Just',1
Obama_2012.txt,b'worse',1
Obama_2012.txt,b'moves',1
Obama_2012.txt,b'clean',9
Obama_2012.txt,b'fought',1
Obama_2012.txt,b'truth',1
Obama_2012.txt,b'Thats',1
Obama_2012.txt,b'give',5
Obama_2012.txt,b'beings',1
Obama_2012.txt,b'George',1
Obama_2012.txt,b'Corps',1
Obama_2012.txt,b'hands',1
Obama_2012.txt,b'stand',3
Obama_2012.txt,b'values',7
Obama_2012.txt,b'I',53
Obama_2012.txt,b'we',60
Obama_2012.txt,b'businesses',13
Obama_2012.txt,b'must',2
Obama_2012.txt,b'crossings',1
Obama_2012.txt,b'obstruction',1
Obama_2012.txt,b'hard',5
Obama_2012.txt,b'Long',1
Obama_2012.txt,b'had',6
Obama_2012.txt,b'safer',1
Obama_2012.txt,b'households',1
Obama_2012.txt,b'Milwaukee',1
Obama_2012.txt,b'renewable',1
Obama_2012.txt,b'attacks',1
Obama_2012.txt,b'will\xe2\x80\x9d',1
Obama_2012.txt,b'cyberthreats',1
Obama_2012.txt,b'untouched',1
Obama_2012.txt,b'Most',4
Obama_2012.txt,b'temperature',1
Obama_2012.txt,b'rest',3
Obama_2012.txt,b'collapsed',1
Obama_2012.txt,b'projects',4
Obama_2012.txt,b'doesn\xe2\x80\x99t',4
Obama_2012.txt,b'announcing',1
Obama_2012.txt,b'deduction',2
Obama_2012.txt,b'prevents',1
Obama_2012.txt,b'protecting',1
Obama_2012.txt,b'meet',2
Obama_2012.txt,b'grandfather',1
Obama_2012.txt,b'when',18
Obama_2012.txt,b'care',4
Obama_2012.txt,b'single',2
Obama_2012.txt,b'sit',1
Obama_2012.txt,b'ensure',1
Obama_2012.txt,b'historically',1
Obama_2012.txt,b'watchdog',1
Obama_2012.txt,b'woman',1
Obama_2012.txt,b'bonuses',1
Obama_2012.txt,b'very',1
Obama_2012.txt,b'kill',1
Obama_2012.txt,b'buildings',1
Obama_2012.txt,b'debate',2
Obama_2012.txt,b'Senate',2
Obama_2012.txt,b'vote',1
Obama_2012.txt,b'solar',1
Obama_2012.txt,b'offers',1
Obama_2012.txt,b'senior',1
Obama_2012.txt,b'worried',1
Obama_2012.txt,b'Gates',1
Obama_2012.txt,b'right',20
Obama_2012.txt,b'defeated',1
Obama_2012.txt,b'effort',1
Obama_2012.txt,b'Iran\xe2\x80\x99s',1
Obama_2012.txt,b'between',5
Obama_2012.txt,b'murderer',1
Obama_2012.txt,b'rewarding',2
Obama_2012.txt,b'we\xe2\x80\x99ve',13
Obama_2012.txt,b'flexibility',1
Obama_2012.txt,b'secure',3
Obama_2012.txt,b'skyrocketing',1
Obama_2012.txt,b'Right',6
Obama_2012.txt,b'receive',1
Obama_2012.txt,b'markets',3
Obama_2012.txt,b'commitment',4
Obama_2012.txt,b'Navy',1
Obama_2012.txt,b'high',1
Obama_2012.txt,b'regulations',5
Obama_2012.txt,b'weakened',1
Obama_2012.txt,b'Jackie',3
Obama_2012.txt,b'won\xe2\x80\x99t',1
Obama_2012.txt,b'hike',1
Obama_2012.txt,b'helps',1
Obama_2012.txt,b'quicker',1
Obama_2012.txt,b'house',1
Obama_2012.txt,b'middle',1
Obama_2012.txt,b'Who',1
Obama_2012.txt,b'unchecked',1
Obama_2012.txt,b'educating',1
Obama_2012.txt,b'friend',1
Obama_2012.txt,b'none',1
Obama_2012.txt,b'gas',9
Obama_2012.txt,b'never',6
Obama_2012.txt,b'lenders',1
Obama_2012.txt,b'endure',1
Obama_2012.txt,b'Toledo',1
Obama_2012.txt,b'kept',2
Obama_2012.txt,b'I\xe2\x80\x99ve',5
Obama_2012.txt,b'oil',10
Obama_2012.txt,b'Tax',1
Obama_2012.txt,b'agree',3
Obama_2012.txt,b'hundreds',1
Obama_2012.txt,b'speed',1
Obama_2012.txt,b'lay',2
Obama_2012.txt,b'willing',1
Obama_2012.txt,b'collapse',1
Obama_2012.txt,b'bailouts',1
Obama_2012.txt,b'break',1
Obama_2012.txt,b'No',9
Obama_2012.txt,b'it',37
Obama_2012.txt,b'owe',1
Obama_2012.txt,b'robotics',1
Obama_2012.txt,b'bank',1
Obama_2012.txt,b'tax',22
Obama_2012.txt,b'happens',1
Obama_2012.txt,b'workstudy',1
Obama_2012.txt,b'yourselves',1
Obama_2012.txt,b'respected',1
Obama_2012.txt,b'saves',1
Obama_2012.txt,b'translator',1
Obama_2012.txt,b'look',4
Obama_2012.txt,b'investigations',1
Obama_2012.txt,b'her',4
Obama_2012.txt,b'story',1
Obama_2012.txt,b'Second',1
Obama_2012.txt,b'creates',2
Obama_2012.txt,b'much',3
Obama_2012.txt,b'drill',1
Obama_2012.txt,b'grow',2
Obama_2012.txt,b'Earth',2
Obama_2012.txt,b'Last',2
Obama_2012.txt,b'money',6
Obama_2012.txt,b'software',1
Obama_2012.txt,b'nothing',2
Obama_2012.txt,b'homeowner',1
Obama_2012.txt,b'larger',1
Obama_2012.txt,b'opportunity',2
Obama_2012.txt,b'outsource',1
Obama_2012.txt,b'science',2
Obama_2012.txt,b'biggest',1
Obama_2012.txt,b'bailing',1
Obama_2012.txt,b'fall',1
Obama_2012.txt,b'grant',2
Obama_2012.txt,b'opened',2
Obama_2012.txt,b'offices',1
Obama_2012.txt,b'tied',1
Obama_2012.txt,b'trying',2
Obama_2012.txt,b'transition',1
Obama_2012.txt,b'music',1
Obama_2012.txt,b'hopeful',1
Obama_2012.txt,b'Germany',1
Obama_2012.txt,b'startups',1
Obama_2012.txt,b'somewhere',1
Obama_2012.txt,b'drama',1
Obama_2012.txt,b'financing',2
Obama_2012.txt,b'may',5
Obama_2012.txt,b'tirelessly',1
Obama_2012.txt,b'East',1
Obama_2012.txt,b'construction',4
Obama_2012.txt,b'Pass',2
Obama_2012.txt,b'journey',1
Obama_2012.txt,b'already',5
Obama_2012.txt,b'Israel\xe2\x80\x99s',1
Obama_2012.txt,b'can',25
Obama_2012.txt,b'Jill',1
Obama_2012.txt,b'trusted',1
Obama_2012.txt,b'limit',1
Obama_2012.txt,b'plenty',1
Obama_2012.txt,b'often',1
Obama_2012.txt,b'products',7
Obama_2012.txt,b'finish',1
Obama_2012.txt,b'recedes',1
Obama_2012.txt,b'building',1
Obama_2012.txt,b'100',1
Obama_2012.txt,b'arent',1
Obama_2012.txt,b'depression',1
Obama_2012.txt,b'table',1
Obama_2012.txt,b'he',6
Obama_2012.txt,b'Room',1
Obama_2012.txt,b'serving',1
Obama_2012.txt,b'free',2
Obama_2012.txt,b'stocks',1
Obama_2012.txt,b'yet',2
Obama_2012.txt,b'final',1
Obama_2012.txt,b'member',2
Obama_2012.txt,b'fail',2
Obama_2012.txt,b'highpaying',1
Obama_2012.txt,b'helicopter',1
Obama_2012.txt,b'Then',1
Obama_2012.txt,b'match',1
Obama_2012.txt,b'innovation',5
Obama_2012.txt,b'Charlotte',2
Obama_2012.txt,b'exactly',1
Obama_2012.txt,b'community',5
Obama_2012.txt,b'shores',2
Obama_2012.txt,b'thirty',1
Obama_2012.txt,b'been',12
Obama_2012.txt,b'poverty',1
Obama_2012.txt,b'pirated',1
Obama_2012.txt,b'why',11
Obama_2012.txt,b'solve',1
Obama_2012.txt,b'someone',1
Obama_2012.txt,b'consumer',1
Obama_2012.txt,b'college',7
Obama_2012.txt,b'Sana\xe2\x80\x99a',1
Obama_2012.txt,b'campaign',2
Obama_2012.txt,b'deportation',1
Obama_2012.txt,b'pledge',1
Obama_2012.txt,b'coalitions',1
Obama_2012.txt,b'apply',1
Obama_2012.txt,b'ideas',4
Obama_2012.txt,b'professionals',1
Obama_2012.txt,b'I\xe2\x80\x99ll',1
Obama_2012.txt,b'support',6
Obama_2012.txt,b'watching',2
Obama_2012.txt,b'tonight',9
Obama_2012.txt,b'dictators',1
Obama_2012.txt,b'closest',1
Obama_2012.txt,b'meant',1
Obama_2012.txt,b'page',1
Obama_2012.txt,b'quarter',2
Obama_2012.txt,b'requiring',1
Obama_2012.txt,b'Each',1
Obama_2012.txt,b'work',16
Obama_2012.txt,b'is',60
Obama_2012.txt,b'packaging',1
Obama_2012.txt,b'fixed',1
Obama_2012.txt,b'to',232
Obama_2012.txt,b'forces',1
Obama_2012.txt,b'act',1
Obama_2012.txt,b'mechanic',1
Obama_2012.txt,b'until',1
Obama_2012.txt,b'eighteen',1
Obama_2012.txt,b'Yemen',1
Obama_2012.txt,b'looked',1
Obama_2012.txt,b'taking',2
Obama_2012.txt,b'Let',1
Obama_2012.txt,b'bill',3
Obama_2012.txt,b'strategy',3
Obama_2012.txt,b'returned',1
Obama_2012.txt,b'40',1
Obama_2012.txt,b'highest',2
Obama_2012.txt,b'purpose',2
Obama_2012.txt,b'wealthiest',2
Obama_2012.txt,b'Buffett',2
Obama_2012.txt,b'Lock',2
Obama_2012.txt,b'mission',7
Obama_2012.txt,b'team',1
Obama_2012.txt,b'skills',5
Obama_2012.txt,b'faulty',1
Obama_2012.txt,b'standards',1
Obama_2012.txt,b'homeowners',2
Obama_2012.txt,b'focus',1
Obama_2012.txt,b'set',4
Obama_2012.txt,b'natural',4
Obama_2012.txt,b'centers',1
Obama_2012.txt,b'soon',2
Obama_2012.txt,b'My',4
Obama_2012.txt,b'corrosive',1
Obama_2012.txt,b'face',1
Obama_2012.txt,b'We',26
Obama_2012.txt,b'Energetx',1
Obama_2012.txt,b'success',3
Obama_2012.txt,b'still',3
Obama_2012.txt,b'die',1
Obama_2012.txt,b'mean',1
Obama_2012.txt,b'critical',1
Obama_2012.txt,b'computer',1
Obama_2012.txt,b'reward',1
Obama_2012.txt,b'issues',1
Obama_2012.txt,b'months',2
Obama_2012.txt,b'resolution',1
Obama_2012.txt,b'Of',3
Obama_2012.txt,b'expand',1
Obama_2012.txt,b'middleclass',2
Obama_2012.txt,b'about',15
Obama_2012.txt,b'500',1
Obama_2012.txt,b'beyond',2
Obama_2012.txt,b'keeps',1
Obama_2012.txt,b'decisive',1
Obama_2012.txt,b'tuition',5
Obama_2012.txt,b'reform',3
Obama_2012.txt,b'blood',1
Obama_2012.txt,b'open',4
Obama_2012.txt,b'Michigan',1
Obama_2012.txt,b'Burma',1
Obama_2012.txt,b'This',6
Obama_2012.txt,b'go',9
Obama_2012.txt,b'exchange',1
Obama_2012.txt,b'saw',2
Obama_2012.txt,b'hand',3
Obama_2012.txt,b'entrepreneurs',2
Obama_2012.txt,b'proudest',1
Obama_2012.txt,b'rock',1
Obama_2012.txt,b'Our',5
Obama_2012.txt,b'equal',2
Obama_2012.txt,b'eliminate',2
Obama_2012.txt,b'comprehensive',3
Obama_2012.txt,b'better',6
Obama_2012.txt,b'before',7
Obama_2012.txt,b'Cairo',1
Obama_2012.txt,b'sometimes',1
Obama_2012.txt,b'SEAL',1
Obama_2012.txt,b'handouts',1
Obama_2012.txt,b'crippling',1
Obama_2012.txt,b'all',16
Obama_2012.txt,b'smart',1
Obama_2012.txt,b'predecessor',1
Obama_2012.txt,b'water',1
Obama_2012.txt,b'Africa',1
Obama_2012.txt,b'Orlando',1
Obama_2012.txt,b'Gulf',1
Obama_2012.txt,b'only',10
Obama_2012.txt,b'they\xe2\x80\x99ve',1
Obama_2012.txt,b'factories',3
Obama_2012.txt,b'refuse',1
Obama_2012.txt,b'boots',1
Obama_2012.txt,b'Steve',1
Obama_2012.txt,b'knowing',2
Obama_2012.txt,b'creativity',1
Obama_2012.txt,b'demands',1
Obama_2012.txt,b'five',3
Obama_2012.txt,b'Let\xe2\x80\x99s',5
Obama_2012.txt,b'year',19
Obama_2012.txt,b'flag',2
Obama_2012.txt,b'penalty',1
Obama_2012.txt,b'deny',1
Obama_2012.txt,b'bargain',1
Obama_2012.txt,b'You',1
Obama_2012.txt,b'furniture',1
Obama_2012.txt,b'bundle',1
Obama_2012.txt,b'company',7
Obama_2012.txt,b'rescued',1
Obama_2012.txt,b'desk',1
Obama_2012.txt,b'plays',1
Obama_2012.txt,b'Armed',1
Obama_2012.txt,b'far',3
Obama_2012.txt,b'went',1
Obama_2012.txt,b'keep',8
Obama_2012.txt,b'Mr',2
Obama_2012.txt,b'obsess',1
Obama_2012.txt,b'prepared',1
Obama_2012.txt,b'battle',1
Obama_2012.txt,b'Motors',1
Obama_2012.txt,b'Tom',1
Obama_2012.txt,b'adversaries',1
Obama_2012.txt,b'risktaker',1
Obama_2012.txt,b'fewer',2
Obama_2012.txt,b'institution',1
Obama_2012.txt,b'people',20
Obama_2012.txt,b'minimum',1
Obama_2012.txt,b'United',6
Obama_2012.txt,b'retool',1
Obama_2012.txt,b'Medicare',1
Obama_2012.txt,b'forward',2
Obama_2012.txt,b'Tear',1
Obama_2012.txt,b'factory',3
Obama_2012.txt,b'research',4
Obama_2012.txt,b'stake',3
Obama_2012.txt,b'trucks',1
Obama_2012.txt,b'have',34
Obama_2012.txt,b'three',5
Obama_2012.txt,b'waned',1
Obama_2012.txt,b'production',1
Obama_2012.txt,b'programs',2
Obama_2012.txt,b'an',20
Obama_2012.txt,b'issue',2
Obama_2012.txt,b'establish',1
Obama_2012.txt,b'illegal',2
Obama_2012.txt,b'greatest',1
Obama_2012.txt,b'Taliban\xe2\x80\x99s',1
Obama_2012.txt,b'Carolina',1
Obama_2012.txt,b'Rio',1
Obama_2012.txt,b'tomorrow',2
Obama_2012.txt,b'State',2
Obama_2012.txt,b'names',1
Obama_2012.txt,b'courage',1
Obama_2012.txt,b'rule',4
Obama_2012.txt,b'ultimately',1
Obama_2012.txt,b'easier',1
Obama_2012.txt,b'what',11
Obama_2012.txt,b'the',276
Obama_2012.txt,b'globe',1
Obama_2012.txt,b'Don\xe2\x80\x99t',2
Obama_2012.txt,b'believe',3
Obama_2012.txt,b'Expand',1
Obama_2012.txt,b'quo',1
Obama_2012.txt,b'begun',2
Obama_2012.txt,b'allowed',5
Obama_2012.txt,b'million',10
Obama_2012.txt,b'effect',1
Obama_2012.txt,b'avoid',1
Obama_2012.txt,b'laser',1
Obama_2012.txt,b'which',2
Obama_2012.txt,b'Louisville',1
Obama_2012.txt,b'growing',3
Obama_2012.txt,b'admire',1
Obama_2012.txt,b'straight',1
Obama_2012.txt,b'one',23
Obama_2012.txt,b'stay',4
Obama_2012.txt,b'official',1
Obama_2012.txt,b'choose',3
Obama_2012.txt,b'career',1
Obama_2012.txt,b'down',14
Obama_2012.txt,b'optimism',1
Obama_2012.txt,b'twotrillion',2
Obama_2012.txt,b'bomber',1
Obama_2012.txt,b'cooperation',1
Obama_2012.txt,b'created',3
Obama_2012.txt,b'enlisting',1
Obama_2012.txt,b'spends',1
Obama_2012.txt,b'easiest',1
Obama_2012.txt,b'card',2
Obama_2012.txt,b'parties',3
Obama_2012.txt,b'Cordray',1
Obama_2012.txt,b'responsible',4
Obama_2012.txt,b'offshore',1
Obama_2012.txt,b'sat',1
Obama_2012.txt,b'chamber',3
Obama_2012.txt,b'against',7
Obama_2012.txt,b'my',14
Obama_2012.txt,b'refused',1
Obama_2012.txt,b'replace',1
Obama_2012.txt,b'toxic',1
Obama_2012.txt,b'Too',1
Obama_2012.txt,b'South',1
Obama_2012.txt,b'human',2
Obama_2012.txt,b'refinancing',1
Obama_2012.txt,b'off',6
Obama_2012.txt,b'personal',2
Obama_2012.txt,b'begins',1
Obama_2012.txt,b'China',4
Obama_2012.txt,b'drop',1
Obama_2012.txt,b'Speaker',2
Obama_2012.txt,b'run',1
Obama_2012.txt,b'maze',1
Obama_2012.txt,b'learned',2
Obama_2012.txt,b'billionaire',1
Obama_2012.txt,b'am',1
Obama_2012.txt,b'outcome',1
Obama_2012.txt,b'twice',2
Obama_2012.txt,b'doubt',2
Obama_2012.txt,b'legislation',2
Obama_2012.txt,b'event',1
Obama_2012.txt,b'Laden',2
Obama_2012.txt,b'On',4
Obama_2012.txt,b'details',1
Obama_2012.txt,b'escape',2
Obama_2012.txt,b'Bush\xe2\x80\x99s',1
Obama_2012.txt,b'blueprint',2
Obama_2012.txt,b'backs',1
Obama_2012.txt,b'barely',1
Obama_2012.txt,b'Job',1
Obama_2012.txt,b'announce',1
Obama_2012.txt,b'lesson',1
Obama_2012.txt,b'deductions',1
Obama_2012.txt,b'behind',2
Obama_2012.txt,b'position',1
Obama_2012.txt,b'bashing',1
Obama_2012.txt,b'testament',1
Obama_2012.txt,b'relent',1
Obama_2012.txt,b'rein',1
Obama_2012.txt,b'elected',1
Obama_2012.txt,b'fund',1
Obama_2012.txt,b'late1990s',1
Obama_2012.txt,b'decide',2
Obama_2012.txt,b'veteran',1
Obama_2012.txt,b'Middle',1
Obama_2012.txt,b'pay',11
Obama_2012.txt,b'standard',1
Obama_2012.txt,b'ship',1
Obama_2012.txt,b'happen',4
Obama_2012.txt,b'executive',2
Obama_2012.txt,b'folks',2
Obama_2012.txt,b'graduate',2
Obama_2012.txt,b'fellow',2
Obama_2012.txt,b'playing',1
Obama_2012.txt,b'shelters',1
Obama_2012.txt,b'they',27
Obama_2012.txt,b'acres',1
Obama_2012.txt,b'housing',3
Obama_2012.txt,b'Richard',1
Obama_2012.txt,b'land',1
Obama_2012.txt,b'grown',1
Obama_2012.txt,b'a',152
Obama_2012.txt,b'priority',2
Obama_2012.txt,b'recovery',1
Obama_2012.txt,b'train',1
Obama_2012.txt,b'oldest',1
Obama_2012.txt,b'One',2
Obama_2012.txt,b'ensures',1
Obama_2012.txt,b'incentives',2
Obama_2012.txt,b'hardworking',3
Obama_2012.txt,b'openings',2
Obama_2012.txt,b'raising',1
Obama_2012.txt,b'talking',1
Obama_2012.txt,b'Hoover',1
Obama_2012.txt,b'built',12
Obama_2012.txt,b'since',3
Obama_2012.txt,b'That\xe2\x80\x99s',18
Obama_2012.txt,b'retirement',1
Obama_2012.txt,b'women',5
Obama_2012.txt,b'time',16
Obama_2012.txt,b'dignity',2
Obama_2012.txt,b'being',1
Obama_2012.txt,b'exceed',1
Obama_2012.txt,b'nuclear',3
Obama_2012.txt,b'line',1
Obama_2012.txt,b'Situation',1
Obama_2012.txt,b'chemicals',1
Obama_2012.txt,b'lit',1
Obama_2012.txt,b'aid',1
Obama_2012.txt,b'invest',1
Obama_2012.txt,b'slows',1
Obama_2012.txt,b'rural',1
Obama_2012.txt,b'How',1
Obama_2012.txt,b'proud',3
Obama_2012.txt,b'bigger',1
Obama_2012.txt,b'cancer',1
Obama_2012.txt,b'Team',1
Obama_2012.txt,b'discoveries',1
Obama_2012.txt,b'parts',1
Obama_2012.txt,b'unfair',1
Obama_2012.txt,b'offered',1
Obama_2012.txt,b'great',6
Obama_2012.txt,b'six',1
Obama_2012.txt,b'here\xe2\x80\x99s',1
Obama_2012.txt,b'fifty',1
Obama_2012.txt,b'win',2
Obama_2012.txt,b'reserves',1
Obama_2012.txt,b'clear',1
Obama_2012.txt,b'leave',2
Obama_2012.txt,b'within',2
Obama_2012.txt,b'any',6
Obama_2012.txt,b'Wall',3
Obama_2012.txt,b'spur',1
Obama_2012.txt,b'Department',1
Obama_2012.txt,b'Well',1
Obama_2012.txt,b'stairs',2
Obama_2012.txt,b'lender',2
Obama_2012.txt,b'Colombia',1
Obama_2012.txt,b'Everybody',1
Obama_2012.txt,b'education',8
Obama_2012.txt,b'others',1
Obama_2012.txt,b'teach',2
Obama_2012.txt,b'investing',1
Obama_2012.txt,b'teachers',4
Obama_2012.txt,b'phony',1
Obama_2012.txt,b'deficit',7
Obama_2012.txt,b'insists',1
Obama_2012.txt,b'highways',1
Obama_2012.txt,b'world\xe2\x80\x99s',5
Obama_2012.txt,b'sixteen',1
Obama_2012.txt,b'peaceful',1
Obama_2012.txt,b'safely',1
Obama_2012.txt,b'Thank',2
Obama_2012.txt,b'From',4
Obama_2012.txt,b'degree',1
Obama_2012.txt,b'young',3
Obama_2012.txt,b'awful',1
Obama_2012.txt,b'Asia',1
Obama_2012.txt,b'danger',2
Obama_2012.txt,b'affairs',1
Obama_2012.txt,b'tenbillion',1
Obama_2012.txt,b'confident',1
Obama_2012.txt,b'routine',1
Obama_2012.txt,b'it\xe2\x80\x99s',10
Obama_2012.txt,b'trust',2
Obama_2012.txt,b'wind',3
Obama_2012.txt,b'happened',1
Obama_2012.txt,b'multinational',1
Obama_2012.txt,b'Americans',20
Obama_2012.txt,b'Forces',1
Obama_2012.txt,b'trajectory',1
Obama_2012.txt,b'cars',1
Obama_2012.txt,b'moment',2
Obama_2012.txt,b'feeling',1
Obama_2012.txt,b'doing',1
Obama_2012.txt,b'milk',3
Obama_2012.txt,b'administration',1
Obama_2012.txt,b'seated',1
Obama_2012.txt,b'seniors',1
Obama_2012.txt,b'good',3
Obama_2012.txt,b'Attorney',1
Obama_2012.txt,b'We\xe2\x80\x99re',1
Obama_2012.txt,b'world',13
Obama_2012.txt,b'aren\xe2\x80\x99t',5
Obama_2012.txt,b'sanctions',1
Obama_2012.txt,b'rights',1
Obama_2012.txt,b'imperative',1
Obama_2012.txt,b'not',25
Obama_2012.txt,b'led',3
Obama_2012.txt,b'billion',1
Obama_2012.txt,b'its',8
Obama_2012.txt,b'lowering',1
Obama_2012.txt,b'shared',3
Obama_2012.txt,b'Banks',1
Obama_2012.txt,b'hired',1
Obama_2012.txt,b'law',4
Obama_2012.txt,b'differing',1
Obama_2012.txt,b'rigid',1
Obama_2012.txt,b'Main',1
Obama_2012.txt,b'July',1
Obama_2012.txt,b'worked',4
Obama_2012.txt,b'interests',1
Obama_2012.txt,b'major',2
Obama_2012.txt,b'increased',1
Obama_2012.txt,b'seen',1
Obama_2012.txt,b'relocate',1
Obama_2012.txt,b'security',4
Obama_2012.txt,b'thirteen',1
Obama_2012.txt,b'Give',1
Obama_2012.txt,b'Detroit',2
Obama_2012.txt,b'around',3
Obama_2012.txt,b'Above',1
Obama_2012.txt,b'many',5
Obama_2012.txt,b'pocket',1
Obama_2012.txt,b'who',35
Obama_2012.txt,b'capacity',2
Obama_2012.txt,b'does',2
Obama_2012.txt,b'earned',1
Obama_2012.txt,b'develops',1
Obama_2012.txt,b'advocate',1
Obama_2012.txt,b'trade',3
Obama_2012.txt,b'Administration',5
Obama_2012.txt,b'market',5
Obama_2012.txt,b'With',5
Obama_2012.txt,b'president',1
Obama_2012.txt,b'last',13
Obama_2012.txt,b'productive',2
Obama_2012.txt,b'each',6
Obama_2012.txt,b'Now',4
Obama_2012.txt,b'incredible',1
Obama_2012.txt,b'changes',1
Obama_2012.txt,b'where',7
Obama_2012.txt,b'they\xe2\x80\x99re',2
Obama_2012.txt,b'come',6
Obama_2012.txt,b'160million',1
Obama_2012.txt,b'Central',1
Obama_2012.txt,b'energy',23
Obama_2012.txt,b'federallyfinanced',2
Obama_2012.txt,b'They',6
Obama_2012.txt,b'weapon',1
Obama_2012.txt,b'violence',1
Obama_2012.txt,b'control',5
Obama_2012.txt,b'struggled',1
Obama_2012.txt,b'involved',1
Obama_2012.txt,b'Join',1
Obama_2012.txt,b'country',17
Obama_2012.txt,b'source',2
Obama_2012.txt,b'possible',4
Obama_2012.txt,b'kid',1
Obama_2012.txt,b'incomplete',1
Obama_2012.txt,b'Through',1
Obama_2012.txt,b'Osama',1
Obama_2012.txt,b'liberal',1
Obama_2012.txt,b'exports',1
Obama_2012.txt,b'Pittsburgh',1
Obama_2012.txt,b'prosecutors',1
Obama_2012.txt,b'didn\xe2\x80\x99t',4
Obama_2012.txt,b'Tunis',1
Obama_2012.txt,b'told',3
Obama_2012.txt,b'Jobs',1
Obama_2012.txt,b'themselves',2
Obama_2012.txt,b'inefficient',1
Obama_2012.txt,b'whether',1
Obama_2012.txt,b'huge',3
Obama_2012.txt,b'important',1
Obama_2012.txt,b'lands',1
Obama_2012.txt,b'spoke',1
Obama_2012.txt,b'gives',2
Obama_2012.txt,b'hightech',4
Obama_2012.txt,b'left',3
Obama_2012.txt,b'allout',1
Obama_2012.txt,b'members',1
Obama_2012.txt,b'at',21
Obama_2012.txt,b'cells',1
Obama_2012.txt,b'temporary',1
Obama_2012.txt,b'under',2
Obama_2012.txt,b'payroll',1
Obama_2012.txt,b'ask',2
Obama_2012.txt,b'program',3
Obama_2012.txt,b'expensive',1
Obama_2012.txt,b'cannot',2
Obama_2012.txt,b'branch',1
Obama_2012.txt,b'Meanwhile',2
Obama_2012.txt,b'strike',1
Obama_2012.txt,b'positioned',1
Obama_2012.txt,b'citizens',5
Obama_2012.txt,b'future',6
Obama_2012.txt,b'luxury',2
Obama_2012.txt,b'and',171
Obama_2012.txt,b'bubble',1
Obama_2012.txt,b'\xe2\x80\x94',2
Obama_2012.txt,b'Teachers',1
Obama_2012.txt,b'strengthen',1
Obama_2012.txt,b'came',2
Obama_2012.txt,b'eager',1
Obama_2012.txt,b'defending',1
Obama_2012.txt,b'used',1
Obama_2012.txt,b'hear',1
Obama_2012.txt,b'soldiers',1
Obama_2012.txt,b'Look',1
Obama_2012.txt,b'stage',1
Obama_2012.txt,b'rules',8
Obama_2012.txt,b'bet',3
Obama_2012.txt,b'destroy',1
Obama_2012.txt,b'changing',1
Obama_2012.txt,b'then',1
Obama_2012.txt,b'potential',1
Obama_2012.txt,b'kind',2
Obama_2012.txt,b'signing',1
Obama_2012.txt,b'once',1
Obama_2012.txt,b'strongly',1
Obama_2012.txt,b'thought',2
Obama_2012.txt,b'from',44
Obama_2012.txt,b'Imagine',1
Obama_2012.txt,b'expelling',1
Obama_2012.txt,b'guess',1
Obama_2012.txt,b'shot',1
Obama_2012.txt,b'example',2
Obama_2012.txt,b'Clinton',1
Obama_2012.txt,b'network',1
Obama_2012.txt,b'Hillary',1
Obama_2012.txt,b'consensus',1
Obama_2012.txt,b'nine',1
Obama_2012.txt,b'both',2
Obama_2012.txt,b'sector',1
Obama_2012.txt,b'troops',5
Obama_2012.txt,b'What\xe2\x80\x99s',3
Obama_2012.txt,b'taxes',8
Obama_2012.txt,b'Coburn',1
Obama_2012.txt,b'The',16
Obama_2012.txt,b'reach',2
Obama_2012.txt,b'demanded',1
Obama_2012.txt,b'yachts',1
Obama_2012.txt,b'endures',1
Obama_2012.txt,b'supported',1
Obama_2012.txt,b'low',1
Obama_2012.txt,b'small',5
Obama_2012.txt,b'men',4
Obama_2012.txt,b'choice',1
Obama_2012.txt,b'deceptive',1
Obama_2012.txt,b'auto',2
Obama_2012.txt,b'region',1
Obama_2012.txt,b'battery',1
Obama_2012.txt,b'entire',1
Obama_2012.txt,b'First',1
Obama_2012.txt,b'through',6
Obama_2012.txt,b'succeed',2
Obama_2012.txt,b'Think',2
Obama_2012.txt,b'experience',1
Obama_2012.txt,b'homes',2
Obama_2012.txt,b'saddled',1
Obama_2012.txt,b'loans',2
Obama_2012.txt,b'budget',2
Obama_2012.txt,b'wait',1
Obama_2012.txt,b'followed',1
Obama_2012.txt,b'fast',1
Obama_2012.txt,b'salute',1
Obama_2012.txt,b'teacher',3
Obama_2012.txt,b'announced',1
Obama_2012.txt,b'talk',1
Obama_2012.txt,b'child',1
Obama_2012.txt,b'paycheck',1
Obama_2012.txt,b'mortgage',2
Obama_2012.txt,b'that\xe2\x80\x99s',6
Obama_2012.txt,b'guide',1
Obama_2012.txt,b'Muslims',1
Obama_2012.txt,b'intend',2
Obama_2012.txt,b'food',1
Obama_2012.txt,b'years',18
Obama_2012.txt,b'proposal',1
Obama_2012.txt,b'discover',1
Obama_2012.txt,b'workers',12
Obama_2012.txt,b'moral',1
Obama_2012.txt,b'antifraud',1
Obama_2012.txt,b'get',24
Obama_2012.txt,b'offer',2
Obama_2012.txt,b'proving',2
Obama_2012.txt,b'financial',9
Obama_2012.txt,b'steps',1
Obama_2012.txt,b'upgrade',1
Obama_2012.txt,b'rebuilding',1
Obama_2012.txt,b'teaching',2
Obama_2012.txt,b'ways',1
Obama_2012.txt,b'add',1
Obama_2012.txt,b'thank',1
Obama_2012.txt,b'them',23
Obama_2012.txt,b'foreign',3
Obama_2012.txt,b'universities',3
Obama_2012.txt,b'special',2
Obama_2012.txt,b'resource',1
Obama_2012.txt,b'Michelle',1
Obama_2012.txt,b'Tripoli',1
Obama_2012.txt,b'majority',2
Obama_2012.txt,b'assembly',1
Obama_2012.txt,b'as',33
Obama_2012.txt,b'every',21
Obama_2012.txt,b'Rules',1
Obama_2012.txt,b'couldn\xe2\x80\x99t',3
Obama_2012.txt,b'complain',1
Obama_2012.txt,b'plants',1
Obama_2012.txt,b'Jews',1
Obama_2012.txt,b'power',8
Obama_2012.txt,b'starters',1
Obama_2012.txt,b'consumed',1
Obama_2012.txt,b'else',3
Obama_2012.txt,b'Dam',1
Obama_2012.txt,b'cynical',1
Obama_2012.txt,b'costs',4
Obama_2012.txt,b'healthy',1
Obama_2012.txt,b'shale',2
Obama_2012.txt,b'family',3
Obama_2012.txt,b'possessions',1
Obama_2012.txt,b'hope',1
Obama_2012.txt,b'envy',1
Obama_2012.txt,b'staff',1
Obama_2012.txt,b'wave',1
Obama_2012.txt,b'added',1
Obama_2012.txt,b'repair',1
Obama_2012.txt,b'Higher',1
Obama_2012.txt,b'plant',2
Obama_2012.txt,b'imported',1
Obama_2012.txt,b'During',1
Obama_2012.txt,b'fair',7
Obama_2012.txt,b'bets',2
Obama_2012.txt,b'budgets',2
Obama_2012.txt,b'going',1
Obama_2012.txt,b'with',40
Obama_2012.txt,b'alQaeda',1
Obama_2012.txt,b'55',1
Obama_2012.txt,b'smarter',1
Obama_2012.txt,b'turn',4
Obama_2012.txt,b'competition',1
Obama_2012.txt,b'dreams',1
Obama_2012.txt,b'Which',1
Obama_2012.txt,b'ironclad',2
Obama_2012.txt,b'ran',1
Obama_2012.txt,b'Russia',1
Obama_2012.txt,b'efficient',1
Obama_2012.txt,b'II',2
Obama_2012.txt,b'differently',1
Obama_2012.txt,b'side',1
Obama_2012.txt,b'guests',1
Obama_2012.txt,b'crying',1
Obama_2012.txt,b'hardesthit',1
Obama_2012.txt,b'new',26
Obama_2012.txt,b'you\xe2\x80\x99ll',1
Obama_2012.txt,b'bipartisan',3
Obama_2012.txt,b'system',4
Obama_2012.txt,b'connected',1
Obama_2012.txt,b'Anyone',1
Obama_2012.txt,b'Abraham',1
Obama_2012.txt,b'onepercent',1
Obama_2012.txt,b'public',5
Obama_2012.txt,b'higher',3
Obama_2012.txt,b'customers\xe2\x80\x99',1
Obama_2012.txt,b'And',30
Obama_2012.txt,b'profits',3
Obama_2012.txt,b'bless',2
Obama_2012.txt,b'strength',1
Obama_2012.txt,b'formed',1
Obama_2012.txt,b'160000',1
Obama_2012.txt,b'cede',1
Obama_2012.txt,b'New',1
Obama_2012.txt,b'supplies',1
Obama_2012.txt,b'deal',2
Obama_2012.txt,b'expenses',1
Obama_2012.txt,b'safeguard',1
Obama_2012.txt,b'poised',1
Obama_2012.txt,b'understood',1
Obama_2012.txt,b'shows',1
Obama_2012.txt,b'intimidation',1
Obama_2012.txt,b'vests',1
Obama_2012.txt,b'firefighters',1
Obama_2012.txt,b'knows',1
Obama_2012.txt,b'century',1
Obama_2012.txt,b'workforce',1
Obama_2012.txt,b'really',1
Obama_2012.txt,b'felt',2
Obama_2012.txt,b'achieve',2
Obama_2012.txt,b'policies',3
Obama_2012.txt,b'Tonight',3
Obama_2012.txt,b'There',3
Obama_2012.txt,b'Many',1
Obama_2012.txt,b'leaner',1
Obama_2012.txt,b'recklessness',1
Obama_2012.txt,b'repay',1
Obama_2012.txt,b'stopping',1
Obama_2012.txt,b'back',16
Obama_2012.txt,b'pollution',2
Obama_2012.txt,b'race',1
Obama_2012.txt,b'Cleveland',1
Obama_2012.txt,b'agency',2
Obama_2012.txt,b'providing',1
Obama_2012.txt,b'notice',1
Obama_2012.txt,b'stop',8
Obama_2012.txt,b'two',6
Obama_2012.txt,b'democracies',1
Obama_2012.txt,b'here',10
Obama_2012.txt,b'labs',2
Obama_2012.txt,b'2008',1
Obama_2012.txt,b'white',1
Obama_2012.txt,b'talent',1
Obama_2012.txt,b'rejoin',1
Obama_2012.txt,b'These',2
Obama_2012.txt,b'reminded',1
Obama_2012.txt,b'subsidies',1
Obama_2012.txt,b'delay',1
Obama_2012.txt,b'plunged',1
Obama_2012.txt,b'stable',1
Obama_2012.txt,b'proposing',1
Obama_2012.txt,b'Crimes',1
Obama_2012.txt,b'confidence',1
Obama_2012.txt,b'landed',1
Obama_2012.txt,b'It',8
Obama_2012.txt,b'Two',1
Obama_2012.txt,b'ideologies',1
Obama_2012.txt,b'made',7
Obama_2012.txt,b'Seoul',1
Obama_2012.txt,b'longer',3
Obama_2012.txt,b'who\xe2\x80\x99s',1
Obama_2012.txt,b'means',4
Obama_2012.txt,b'fascism',1
Obama_2012.txt,b'allow',1
Obama_2012.txt,b'North',2
Obama_2012.txt,b'children',2
Obama_2012.txt,b'let\xe2\x80\x99s',6
Obama_2012.txt,b'common',4
Obama_2012.txt,b'nationbuilding',1
Obama_2012.txt,b'serious',1
Obama_2012.txt,b'long',8
Obama_2012.txt,b'Twentythree',1
Obama_2012.txt,b'Recently',1
Obama_2012.txt,b'difference',3
Obama_2012.txt,b'Technology',1
Obama_2012.txt,b'pass',4
Obama_2012.txt,b'Government',8
Obama_2012.txt,b'goal',3
Obama_2012.txt,b'materials',1
Obama_2012.txt,b'Great',1
Obama_2012.txt,b'credits',2
Obama_2012.txt,b'Americas',1
Obama_2012.txt,b'basic',3
Obama_2012.txt,b'industries',4
Obama_2012.txt,b'acting',1
Obama_2012.txt,b'sold',2
Obama_2012.txt,b'classified',1
Obama_2012.txt,b'play',4
Obama_2012.txt,b'paying',3
Obama_2012.txt,b'require',1
Obama_2012.txt,b'Americanmade',1
Obama_2012.txt,b'broadband',1
Obama_2012.txt,b'guarantee',1
Obama_2012.txt,b'God',2
Obama_2012.txt,b'tape',2
Obama_2012.txt,b'trained',1
Obama_2012.txt,b'study',1
Obama_2012.txt,b'Jackie\xe2\x80\x99s',1
Obama_2012.txt,b'rates',4
Obama_2012.txt,b'spending',3
Obama_2012.txt,b'Those',2
Obama_2012.txt,b'bottom',2
Obama_2012.txt,b'into',7
Obama_2012.txt,b'everybody',2
Obama_2012.txt,b'diploma',1
Obama_2012.txt,b'Patton\xe2\x80\x99s',1
Obama_2012.txt,b'decades',1
Obama_2012.txt,b'reminding',1
Obama_2012.txt,b'less',5
Obama_2012.txt,b'longestserving',1
Obama_2012.txt,b'class',2
Obama_2012.txt,b'Bob',1
Obama_2012.txt,b'management',1
Obama_2012.txt,b'summer',2
Obama_2012.txt,b'surge',1
Obama_2012.txt,b'cards',1
Obama_2012.txt,b'Gaddafi',1
Obama_2012.txt,b'own',8
Obama_2012.txt,b'World',2
Obama_2012.txt,b'start',5
Obama_2012.txt,b'would',3
Obama_2012.txt,b'heroes',2
Obama_2012.txt,b'you\xe2\x80\x99re',9
Obama_2012.txt,b'facts',1
Obama_2012.txt,b'Union',2
Obama_2012.txt,b'increase',2
Obama_2012.txt,b'month',1
Obama_2012.txt,b'manufacturing',8
Obama_2012.txt,b'end',7
Obama_2012.txt,b'fraud',3
Obama_2012.txt,b'places',3
Obama_2012.txt,b'unit',5
Obama_2012.txt,b'Innovation',1
Obama_2012.txt,b'friends',2
Obama_2012.txt,b'Depression',1
Obama_2012.txt,b'nominations',1
Obama_2012.txt,b'talked',1
Obama_2012.txt,b'thick',1
Obama_2012.txt,b'vice',1
Obama_2012.txt,b'forced',2
Obama_2012.txt,b'expectations',1
Obama_2012.txt,b'crossing',1
Obama_2012.txt,b'payday',1
Obama_2012.txt,b'ones',5
Obama_2012.txt,b'People',1
Obama_2012.txt,b'policy',1
Obama_2012.txt,b'Defense',1
Obama_2012.txt,b'core',1
Obama_2012.txt,b'in',97
Obama_2012.txt,b'batteries',1
Obama_2012.txt,b'Lincoln',1
Obama_2012.txt,b'A',8
Obama_2012.txt,b'cheaper',2
Obama_2012.txt,b'hire',4
Obama_2012.txt,b'health',4
Obama_2012.txt,b'attracts',1
Obama_2012.txt,b'ordered',1
Obama_2012.txt,b'behavior',2
Obama_2012.txt,b'also',12
Obama_2012.txt,b'Because',4
Obama_2012.txt,b'climate',1
Obama_2012.txt,b'There\xe2\x80\x99s',1
Obama_2012.txt,b'faster',1
Obama_2012.txt,b'either',2
Obama_2012.txt,b'Piedmont',1
Obama_2012.txt,b'Afghanistan',3
Obama_2012.txt,b'bag',1
Obama_2012.txt,b'training',3
Obama_2012.txt,b'succeeded',2
Obama_2012.txt,b'enduring',2
Obama_2012.txt,b'him',2
Obama_2012.txt,b'country\xe2\x80\x99s',1
Obama_2012.txt,b'too',8
Obama_2012.txt,b'After',2
Obama_2012.txt,b'learning',1
Obama_2012.txt,b'prevent',5
Obama_2012.txt,b'leads',1
Obama_2012.txt,b'environment',1
Obama_2012.txt,b'operatives',1
Obama_2012.txt,b'Christians',1
Obama_2012.txt,b'waste',2
Obama_2012.txt,b'billions',1
Obama_2012.txt,b'broken',3
Obama_2012.txt,b'savings',1
Obama_2012.txt,b'CEO',1
Obama_2012.txt,b'understand',2
Obama_2012.txt,b'make',15
Obama_2012.txt,b'shoulder',1
Obama_2012.txt,b'compound',1
Obama_2012.txt,b'repeat',1
Obama_2012.txt,b'sign',4
Obama_2012.txt,b'10000',1
Obama_2012.txt,b'maintain',2
Obama_2012.txt,b'automakers',1
Obama_2012.txt,b'development',2
Obama_2012.txt,b'ingenuity',2
Obama_2012.txt,b'nation',2
Obama_2012.txt,b'making',8
Obama_2012.txt,b'obsolete',1
Obama_2012.txt,b'consolidate',1
Obama_2012.txt,b'unionized',1
Obama_2012.txt,b'offender',1
Obama_2012.txt,b'ours',1
Obama_2012.txt,b'helping',2
Obama_2012.txt,b'together',6
Obama_2012.txt,b'separated',1
Obama_2012.txt,b'nearly',8
Obama_2012.txt,b'devices',1
Obama_2012.txt,b'Security',1
Obama_2012.txt,b'plan',3
Obama_2012.txt,b'exploration',1
Obama_2012.txt,b'changed',1
Obama_2012.txt,b'transformation',1
Obama_2012.txt,b'supposed',1
Obama_2012.txt,b'verge',1
Obama_2012.txt,b'happening',1
Obama_2012.txt,b'person',3
Obama_2012.txt,b'become',2
Obama_2012.txt,b'be',29
Obama_2012.txt,b'missions',1
Obama_2012.txt,b'joined',1
Obama_2012.txt,b'medical',2
Obama_2012.txt,b'cops',2
Obama_2012.txt,b'hurt',2
Obama_2012.txt,b'local',1
Obama_2012.txt,b'generation\xe2\x80\x99s',1
Obama_2012.txt,b'remote',1
Obama_2012.txt,b'companies',11
Obama_2012.txt,b'farmer',1
Obama_2012.txt,b'idea',1
Obama_2012.txt,b'alloftheabove',1
Obama_2012.txt,b'shirk',1
Obama_2012.txt,b'send',3
Obama_2012.txt,b'teamwork',1
Obama_2012.txt,b'breaks',2
Obama_2012.txt,b'few',3
Obama_2012.txt,b'invested',1
Obama_2012.txt,b'penalties',1
Obama_2012.txt,b'us',12
Obama_2012.txt,b'school',3
Obama_2012.txt,b'authority',2
Obama_2012.txt,b'scrambling',1
Obama_2012.txt,b'challenge',4
Obama_2012.txt,b'crack',1
Obama_2012.txt,b'accountable',2
Obama_2012.txt,b'weren\xe2\x80\x99t',2
Obama_2012.txt,b'75',1
Obama_2012.txt,b'towards',1
Obama_2012.txt,b'walk',4
Obama_2012.txt,b'obligations',1
Obama_2012.txt,b'there',7
Obama_2012.txt,b'subsidized',2
Obama_2012.txt,b'Army',1
Obama_2012.txt,b'prosperity',1
Obama_2012.txt,b'payoffs',1
Obama_2012.txt,b'next',8
Obama_2012.txt,b'administrations',1
Obama_2012.txt,b'reforms',5
Obama_2012.txt,b'Regulators',1
Obama_2012.txt,b'Financial',1
Obama_2012.txt,b'Bill',1
Obama_2012.txt,b'effective',1
Obama_2012.txt,b'rate',2
Obama_2012.txt,b'debt',9
Obama_2012.txt,b'asking',2
Obama_2012.txt,b'find',1
Obama_2012.txt,b'course',5
Obama_2012.txt,b'reduce',1
Obama_2012.txt,b'border',1
Obama_2012.txt,b'speak',1
Obama_2012.txt,b'farmers',1
Obama_2012.txt,b'his',7
Obama_2012.txt,b'uniform',2
Obama_2012.txt,b'you',39
Obama_2012.txt,b'250000',2
Obama_2012.txt,b'whom',1
Obama_2012.txt,b'remain',3
Obama_2012.txt,b'well',4
Obama_2012.txt,b'leading',2
Obama_2012.txt,b'several',1
Obama_2012.txt,b'cancel',1
Obama_2012.txt,b'urgent',1
Obama_2012.txt,b'600000',1
Obama_2012.txt,b'general',1
Obama_2012.txt,b'funding',2
Obama_2012.txt,b'Vice',1
Obama_2012.txt,b'price',1
Obama_2012.txt,b'contain',3
Obama_2012.txt,b'charged',2
Obama_2012.txt,b'tells',2
Obama_2012.txt,b'threaten',1
Obama_2012.txt,b'problem',1
Obama_2012.txt,b'true',2
Obama_2012.txt,b'working',6
Obama_2012.txt,b'secretary',3
Obama_2012.txt,b'interest',2
Obama_2012.txt,b'3000',1
Obama_2012.txt,b'sense',7
Obama_2012.txt,b'risky',2
Obama_2012.txt,b'move',1
Obama_2012.txt,b'reversed',1
Obama_2012.txt,b'cover',1
Obama_2012.txt,b'practices',2
Obama_2012.txt,b'lives',2
Obama_2012.txt,b'instead',2
Obama_2012.txt,b'private',2
Obama_2012.txt,b'consumers',2
Obama_2012.txt,b'fiasco',1
Obama_2012.txt,b'half',2
Obama_2012.txt,b'across',2
Obama_2012.txt,b'assistance',1
Obama_2012.txt,b'directly',1
Obama_2012.txt,b'overseas',3
Obama_2012.txt,b'presidents',1
Obama_2012.txt,b'beginning',1
Obama_2012.txt,b'faced',1
Obama_2012.txt,b'engineering',1
Obama_2012.txt,b'momentum',2
Obama_2012.txt,b'benefits',1
Obama_2012.txt,b'stars',1
Obama_2012.txt,b'jobs',32
Obama_2012.txt,b'locked',1
Obama_2012.txt,b'Veterans',1
Obama_2012.txt,b'lot',2
Obama_2012.txt,b'hundred',1
Obama_2012.txt,b'dollars',9
Obama_2012.txt,b'pilot',1
Obama_2012.txt,b'tyranny',1
Obama_2012.txt,b'buyers',1
Obama_2012.txt,b'safe',1
Obama_2012.txt,b'rise',2
Obama_2012.txt,b'lined',1
Obama_2012.txt,b'outsourcing',1
Obama_2012.txt,b'economy',12
Obama_2012.txt,b'recognize',1
Obama_2012.txt,b'runaround',1
Obama_2012.txt,b'big',1
Obama_2012.txt,b'technologies',2
Obama_2012.txt,b'giveaways',1
Obama_2012.txt,b'choices',1
Obama_2012.txt,b'22',1
Obama_2012.txt,b'clearing',1
Obama_2012.txt,b'twopercent',2
Obama_2012.txt,b'passion',1
Obama_2012.txt,b'Panama',1
Obama_2012.txt,b'kids',4
Obama_2012.txt,b'matter',5
Obama_2012.txt,b'enemies',2
Obama_2012.txt,b'spill',3
Obama_2012.txt,b'Latino',1
Obama_2012.txt,b'families',4
Obama_2012.txt,b'status',1
Obama_2012.txt,b'build',3
Obama_2012.txt,b'Experts',1
Obama_2012.txt,b'Their',1
Obama_2012.txt,b'forms',1
Obama_2012.txt,b'order',1
Obama_2012.txt,b'College',1
Obama_2012.txt,b'For',4
Obama_2012.txt,b'credit',4
Obama_2012.txt,b'costly',1
Obama_2012.txt,b'finance',1
Obama_2012.txt,b'cleaner',2
Obama_2012.txt,b'rewarded',1
Obama_2012.txt,b'goods',2
Obama_2012.txt,b'ago',5
Obama_2012.txt,b'we\xe2\x80\x99re',6
Obama_2012.txt,b'broke',1
Obama_2012.txt,b'politics',4
Obama_2012.txt,b'Pakistan',1
Obama_2012.txt,b'washed',1
Obama_2012.txt,b'unstable',1
Obama_2012.txt,b'uncertain',1
Obama_2012.txt,b'military',4
Obama_2012.txt,b'those',8
Obama_2012.txt,b'entrepreneur',1
Obama_2012.txt,b'Members',2
Obama_2012.txt,b'disclose',1
Obama_2012.txt,b'Yes',1
Obama_2012.txt,b'Neither',1
Obama_2012.txt,b'In',9
Obama_2012.txt,b'bring',5
Obama_2012.txt,b'war',2
Obama_2012.txt,b'digging',1
Obama_2012.txt,b'brought',3
Obama_2012.txt,b'unnecessary',1
Obama_2012.txt,b'was',17
Obama_2012.txt,b'recession',2
Obama_2012.txt,b'remains',2
Obama_2012.txt,b'up',12
Obama_2012.txt,b'business',11
Obama_2012.txt,b'pays',2
Obama_2012.txt,b'fifteen',1
Obama_2012.txt,b'attorneys',1
Obama_2012.txt,b'serve',3
Obama_2012.txt,b'reformed',1
Obama_2012.txt,b'we\xe2\x80\x99ll',2
Obama_2012.txt,b'crisis',4
Obama_2012.txt,b'contributing',1
Obama_2012.txt,b'extract',1
Obama_2012.txt,b'maybe',1
Obama_2012.txt,b'after',1
Obama_2012.txt,b'agreed',2
Obama_2012.txt,b'Golden',1
Obama_2012.txt,b'Street',4
Obama_2012.txt,b'presidency',1
Obama_2012.txt,b'circumstance',1
Obama_2012.txt,b'paid',2
Obama_2012.txt,b'other\xe2\x80\x99s',1
Obama_2012.txt,b'defense',2
Obama_2012.txt,b'dealt',1
Obama_2012.txt,b'Together',2
Obama_2012.txt,b'regime',2
Obama_2012.txt,b'banks',2
Obama_2012.txt,b'copouts',1
Obama_2012.txt,b'insurance',1
Obama_2012.txt,b'fate',1
Obama_2012.txt,b'\xe2\x80\x9cliving',1
Obama_2012.txt,b'believed',1
Obama_2012.txt,b'judicial',1
Obama_2012.txt,b'feel',2
Obama_2012.txt,b'laid',2
Obama_2012.txt,b'annual',1
Obama_2012.txt,b'spilled',1
Obama_2012.txt,b'generation',4
Obama_2012.txt,b'cut',4
Obama_2012.txt,b'gay',1
Obama_2012.txt,b'haven\xe2\x80\x99t',1
Obama_2012.txt,b'welcomed',1
Obama_2012.txt,b'settle',2
Obama_2012.txt,b'ambition',1
Obama_2012.txt,b'influence',2
Obama_2012.txt,b'highspeed',1
Obama_2012.txt,b'somebody',1
Obama_2012.txt,b'30',1
Obama_2012.txt,b'if',19
Obama_2012.txt,b'Biden',1
Obama_2012.txt,b'first',7
Obama_2012.txt,b'should',24
Obama_2012.txt,b'are',33
Obama_2012.txt,b'deep',1
Obama_2012.txt,b'highly',1
Obama_2012.txt,b'fails',1
Obama_2012.txt,b'confusing',2
Obama_2012.txt,b'just',6
Obama_2012.txt,b'gave',1
Obama_2012.txt,b'tactics',1
Obama_2012.txt,b'anywhere',1
Obama_2012.txt,b'leaving',2
Obama_2012.txt,b'people\xe2\x80\x99s',2
Obama_2012.txt,b'required',1
Obama_2012.txt,b'restore',2
Obama_2012.txt,b'did',3
Obama_2012.txt,b'Take',1
Obama_2012.txt,b'party',2
Obama_2012.txt,b'passed',2
Obama_2012.txt,b'responsibilities',1
Obama_2012.txt,b'afford',7
Obama_2012.txt,b'rich',2
Obama_2012.txt,b'information',1
Obama_2012.txt,b'Enforcement',1
Obama_2012.txt,b'fighting',1
Obama_2012.txt,b'thousands',4
Obama_2012.txt,b'getting',7
Obama_2012.txt,b'safety',1
Obama_2012.txt,b'daunting',1
Obama_2012.txt,b'achievements',1
Obama_2012.txt,b'track',1
Obama_2012.txt,b'continue',1
Obama_2012.txt,b'saving',1
